day,sessions,ev_energy_kwh,baseline_cost_eur,smart_cost_eur,saving_eur,saving_percent,baseline_peak_kw,smart_peak_kw,peak_reduction_kw,baseline_import_kwh,smart_import_kwh,baseline_export_kwh,smart_export_kwh
183,5,55.0,50.2116838575442,49.73915928777845,0.47252456976575274,0.9410649742525153,15.659799286555016,15.659799286555018,-1.7763568394002505e-15,232.51230453212145,232.51230453212145,0.0,8.881784197001252e-16
23,25,288.0,59.73338707342129,56.94663538631037,2.7867516871109217,4.665316707531729,40.45468980542799,29.79393158773579,10.660758217692198,382.4322689849875,381.9729771266881,0.0,0.0
153,35,463.0,43.71525526678954,36.96715916794677,6.7480960988427725,15.436478770762887,52.930335049123315,42.79888512370464,10.131449925418671,333.43941786299547,330.96907852662696,1.971923495565524,9.769962616701378e-15
